source,target,regex,code
/pages/about-us,/about-us,0,301
/pages/contact-us,/contact-us,0,301
/pages/privacy-policy-bella-virtual-staging,/privacy-policy-bella-virtual-staging,0,301
/pages/refund-and-return-policy,/refund-and-return-policy,0,301
/pages/virtual-staging-los-angeles,/virtual-staging-los-angeles,0,301
/pages/virtual-staging-in-florida,/virtual-staging-in-florida,0,301
/pages/virtual-staging-chicago,/virtual-staging-chicago,0,301
/pages/virtual-home-staging-san-diego,/virtual-home-staging-san-diego,0,301
/pages/virtual-staging-atlanta,/virtual-staging-atlanta,0,301
/pages/virtual-staging-new-york,/virtual-staging-new-york,0,301
/pages/virtual-staging-boston-ma,/virtual-staging-boston-ma,0,301
/pages/virtual-home-staging-in-washington-dc,/virtual-home-staging-in-washington-dc,0,301
/pages/virtual-staging-california,/virtual-staging-california,0,301
/pages/virtual-staging-las-vegas-nv,/virtual-staging-las-vegas-nv,0,301
/pages/virtual-staging-in-tampa,/virtual-staging-in-tampa,0,301
/pages/virtual-staging-philadelphia,/virtual-staging-philadelphia,0,301
/pages/virtual-staging-vancouver,/virtual-staging-vancouver,0,301
/pages/virtual-staging-in-toronto,/virtual-staging-in-toronto,0,301
/pages/virtual-staging-in-montreal,/virtual-staging-in-montreal,0,301
/pages/faq,/faq,0,301
/pages/lookbook,/lookbook,0,301
/pages/pricing,/pricing,0,301
/pages/home-builder,/home-builder,0,301
/pages/photographers,/photographers,0,301
/pages/interior-design-consultation,/interior-design-consultation,0,301
/pages/sign-up,/sign-up,0,301
/pages/terms-of-service,/terms-of-service,0,301
/pages/information-security-policy,/information-security-policy,0,301
/pages/partnership,/partnership,0,301
/pages/case-studies-realtors,/case-studies-realtors,0,301
/pages/case-studies-home-builder,/case-studies-home-builder,0,301
/pages/case-studies-property-manager,/case-studies-property-manager,0,301
/pages/main-case-study,/main-case-study,0,301
/pages/landingpage-2d-3d,/landingpage-2d-3d,0,301
/collections/frontpage,/,0,301
/collections/virtual-staging-services,/virtual-staging,0,301
/collections/floor-plan-services,/floor-plans,0,301
/collections/3d-rendering-services,/3d-rendering,0,301
/collections/photo-editing-services,/photo-editing,0,301
/collections/virtual-staging-services-copy,/virtual-staging,0,301
/collections/our-services,/services,0,301
/blogs/news,/blog,0,301
/blogs/how-house-rendering-enhances-home-buying-and-selling-experiences,/blog/how-house-rendering-enhances-home-buying-and-selling-experiences,0,301
/blogs/the-impact-of-3d-house-rendering-in-real-estate,/blog/the-impact-of-3d-house-rendering-in-real-estate,0,301
/blogs/virtual-tours-and-beyond-the-benefits-of-house-rendering-for-modern-homebuyers,/blog/virtual-tours-and-beyond-the-benefits-of-house-rendering-for-modern-homebuyers,0,301
/blogs/house-rendering-101-a-beginner-s-guide-to-visualizing-your-dream-home,/blog/house-rendering-101-a-beginner-s-guide-to-visualizing-your-dream-home,0,301
/blogs/virtual-staging-making-empty-houses-look-like-homes,/blog/virtual-staging-making-empty-houses-look-like-homes,0,301
/blogs/how-technology-is-changing-home-staging-with-the-use-of-architectural-visualization,/blog/how-technology-is-changing-home-staging-with-the-use-of-architectural-visualization,0,301
/blogs/use-of-virtual-staging-and-3d-rendering-services-in-the-real-estate-business,/blog/use-of-virtual-staging-and-3d-rendering-services-in-the-real-estate-business,0,301
/blogs/virtual-home-staging-vs-traditional-staging-a-simple-comparison,/blog/virtual-home-staging-vs-traditional-staging-a-simple-comparison,0,301
/blogs/how-virtual-staging-helps-sell-homes-faster,/blog/how-virtual-staging-helps-sell-homes-faster,0,301
/blogs/the-power-of-3d-visualization-in-architectural-renderings,/blog/the-power-of-3d-visualization-in-architectural-renderings,0,301
/blogs/how-3d-architectural-visualization-helps-real-estate-buyers,/blog/how-3d-architectural-visualization-helps-real-estate-buyers,0,301
/blogs/exploring-the-latest-trends-in-3d-architectural-visualization,/blog/exploring-the-latest-trends-in-3d-architectural-visualization,0,301
/blogs/how-3d-visualization-is-changing-the-real-estate-game,/blog/how-3d-visualization-is-changing-the-real-estate-game,0,301
/blogs/the-power-of-architectural-visualization-in-modern-design,/blog/the-power-of-architectural-visualization-in-modern-design,0,301
/blogs/making-your-house-look-awesome-house-rendering-virtual-staging-and-3d-visualization,/blog/making-your-house-look-awesome-house-rendering-virtual-staging-and-3d-visualization,0,301
/blogs/news/things-to-consider-in-using-virtual-staging-and-avoid-real-estate-lawsuit,/blog/things-to-consider-in-using-virtual-staging-and-avoid-real-estate-lawsuit,0,301
/blogs/news/home-staging-tips-for-2025-setting-the-stage-for-maximum-appeal,/blog/home-staging-tips-for-2025-setting-the-stage-for-maximum-appeal,0,301
/blogs/news/top-5-most-influential-interior-design-countries,/blog/top-5-most-influential-interior-design-countries,0,301
/blogs/news/should-you-sell-your-home-in-vancouver-for-2025,/blog/should-you-sell-your-home-in-vancouver-for-2025,0,301
/blogs/news/what-is-virtual-staging-and-why-should-realtors-use-it-more,/blog/what-is-virtual-staging-and-why-should-realtors-use-it-more,0,301
/blogs/news/what-is-modern-interior-design,/blog/what-is-modern-interior-design,0,301
/blogs/news/why-bella-staging-is-the-best-virtual-staging-company,/blog/why-bella-staging-is-the-best-virtual-staging-company,0,301
/blogs/news/an-overview-of-retro-design-styles-and-their-resurgence-in-2025,/blog/an-overview-of-retro-design-styles-and-their-resurgence-in-2025,0,301
/blogs/news/the-most-iconic-actors-as-realtors-in-movies-and-shows,/blog/the-most-iconic-actors-as-realtors-in-movies-and-shows,0,301
/blogs/news/staging-on-a-budget-tips-and-tricks-for-diy-home-stagers,/blog/staging-on-a-budget-tips-and-tricks-for-diy-home-stagers,0,301
/blogs/news/10-unique-open-house-ideas-for-2025,/blog/10-unique-open-house-ideas-for-2025,0,301
/blogs/news/how-much-do-realtors-make-in-canada-2025,/blog/how-much-do-realtors-make-in-canada-2025,0,301
/blogs/news/10-movies-realtors-need-to-see-in-2025,/blog/10-movies-realtors-need-to-see-in-2025,0,301
/blogs/news/understanding-squatter-rights-in-the-united-states,/blog/understanding-squatter-rights-in-the-united-states,0,301
/blogs/news/understanding-squatters-rights-in-canada-dealing-with-squatters,/blog/understanding-squatters-rights-in-canada-dealing-with-squatters,0,301
/blogs/news/understanding-squatter-rights-in-pennsylvania-a-guide-for-real-estate-professionals,/blog/understanding-squatter-rights-in-pennsylvania-a-guide-for-real-estate-professionals,0,301
/blogs/news/squatter-rights-in-ohio-how-to-deal-with-squatters-in-your-home,/blog/squatter-rights-in-ohio-how-to-deal-with-squatters-in-your-home,0,301
/blogs/news/famous-realtors-on-tv-who-is-the-most-successful-in-reality,/blog/famous-realtors-on-tv-who-is-the-most-successful-in-reality,0,301
/blogs/news/in-reality-tv-who-is-the-top-earning-real-estate-agent,/blog/in-reality-tv-who-is-the-top-earning-real-estate-agent,0,301
/blogs/news/what-are-the-selling-sunset-cast-networth-who-is-the-richest,/blog/what-are-the-selling-sunset-cast-networth-who-is-the-richest,0,301
/blogs/news/understanding-money6x-real-estate-investment-and-opportunities,/blog/understanding-money6x-real-estate-investment-and-opportunities,0,301
/blogs/news/top-construction-tv-shows-transforming-spaces-on-screen,/blog/top-construction-tv-shows-transforming-spaces-on-screen,0,301
/blogs/news/ohio-real-estate-license-lookup-guide,/blog/ohio-real-estate-license-lookup-guide,0,301
/blogs/news/accretion-real-estate-a-beginners-guide,/blog/accretion-real-estate-a-beginners-guide,0,301
/blogs/news/virtual-staging-tips-for-non-designers,/blog/virtual-staging-tips-for-non-designers,0,301
/blogs/news/unlock-the-power-of-virtual-staging-a-comprehensive-guide-to-lighting-decor-essentials,/blog/unlock-the-power-of-virtual-staging-a-comprehensive-guide-to-lighting-decor-essentials,0,301
/blogs/news/unlock-the-power-of-time-with-virtual-staging-a-comprehensive-guide,/blog/unlock-the-power-of-time-with-virtual-staging-a-comprehensive-guide,0,301
/blogs/news/top-20-movie-on-real-estate-on-imdb-and-rotten-tomatoes,/blog/top-20-movie-on-real-estate-on-imdb-and-rotten-tomatoes,0,301
/blogs/news/explore-properties-virtual-tour-real-estate,/blog/explore-properties-virtual-tour-real-estate,0,301
/blogs/news/case-studies-success-stories-with-virtual-staging,/blog/case-studies-success-stories-with-virtual-staging,0,301
/blogs/news/the-ultimate-listing-checklist-for-real-estate-agents,/blog/the-ultimate-listing-checklist-for-real-estate-agents,0,301
/blogs/news/guide-to-home-staging-furniture-style-2025,/blog/guide-to-home-staging-furniture-style-2025,0,301
/blogs/news/house-rendering-101-a-beginner-s-guide-to-visualizing-your-dream-home,/blog/house-rendering-101-a-beginner-s-guide-to-visualizing-your-dream-home,0,301
/blogs/news/selling-sunset-cast-profiles,/blog/selling-sunset-cast-profiles,0,301
/blogs/news/farmhouse-wall-decor,/blog/farmhouse-wall-decor,0,301
/blogs/news/case-studies-successful-new-york-projects-enhanced-by-3d-rendering-technology,/blog/case-studies-successful-new-york-projects-enhanced-by-3d-rendering-technology,0,301
/blogs/news/how-to-incorporate-korean-interior-design-into-your-space,/blog/how-to-incorporate-korean-interior-design-into-your-space,0,301
/blogs/news/taylor-swift-s-vancouver-finale-the-secrets-behind-her-stay,/blog/taylor-swift-s-vancouver-finale-the-secrets-behind-her-stay,0,301
/blogs/news/case-study-the-staging-that-sold-a-home-in-6-weeks,/blog/case-study-the-staging-that-sold-a-home-in-6-weeks,0,301
/blogs/news/case-study-how-virtual-staging-propelled-a-penthouse-sale-in-just-15-days,/blog/case-study-how-virtual-staging-propelled-a-penthouse-sale-in-just-15-days,0,301
/blogs/news/the-best-architectural-rendering-software-a-comprehensive-guide,/blog/the-best-architectural-rendering-software-a-comprehensive-guide,0,301
/blogs/news/case-study-virtual-staging-sells-stagnant-listing-quickly,/blog/case-study-virtual-staging-sells-stagnant-listing-quickly,0,301
/blogs/news/case-study-a-modern-farmhouse-transformation-near-orlandos-theme-parks,/blog/case-study-a-modern-farmhouse-transformation-near-orlandos-theme-parks,0,301
/blogs/news/case-study-5-day-sale-with-virtual-staging-in-miami,/blog/case-study-5-day-sale-with-virtual-staging-in-miami,0,301
/blogs/news/case-study-westhampton-real-estate-success-story-the-impact-of-virtual-staging,/blog/case-study-westhampton-real-estate-success-story-the-impact-of-virtual-staging,0,301
/blogs/news/florida-vs-texas-housing-in-2025-where-to-invest,/blog/florida-vs-texas-housing-in-2025-where-to-invest,0,301
/blogs/news/case-study-selling-manhattan,/blog/case-study-selling-manhattan,0,301
/blogs/news/what-is-3d-rendering-in-interior-design,/blog/what-is-3d-rendering-in-interior-design,0,301
/blogs/news/case-study-how-staging-sold-a-private-california-hill-estate-in-under-a-week,/blog/case-study-how-staging-sold-a-private-california-hill-estate-in-under-a-week,0,301
/blogs/news/3d-floor-plans-explained-how-they-simplify-design-and-boost-property-appeal,/blog/3d-floor-plans-explained-how-they-simplify-design-and-boost-property-appeal,0,301
/blogs/news/case-study-accelerating-home-sales-with-virtual-staging-a-santa-monica-townhouse-success-story,/blog/case-study-accelerating-home-sales-with-virtual-staging-a-santa-monica-townhouse-success-story,0,301
/blogs/news/what-is-home-staging-10-hacks-that-attract-buyers,/blog/what-is-home-staging-10-hacks-that-attract-buyers,0,301
/blogs/news/top-10-staging-home-services-every-realtor-recommends,/blog/top-10-staging-home-services-every-realtor-recommends,0,301
/blogs/news/10-best-virtual-interior-design-services-to-transform-your-space,/blog/10-best-virtual-interior-design-services-to-transform-your-space,0,301
/blogs/news/top-10-staging-companies-making-homes-stand-out-online,/blog/top-10-staging-companies-making-homes-stand-out-online,0,301
/blogs/news/how-a-real-estate-virtual-assistant-helps-you-close-more-deals,/blog/how-a-real-estate-virtual-assistant-helps-you-close-more-deals,0,301
/blogs/news/10-best-affordable-virtual-design-services,/blog/10-best-affordable-virtual-design-services,0,301
/blogs/news/how-real-estate-stagers-transform-homes-before-selling,/blog/how-real-estate-stagers-transform-homes-before-selling,0,301
/blogs/news/10-best-virtual-staging-software-for-real-estate-agents,/blog/10-best-virtual-staging-software-for-real-estate-agents,0,301
/blogs/news/rental-staging-complete-guide-for-landlords-and-property-managers,/blog/rental-staging-complete-guide-for-landlords-and-property-managers,0,301
/blogs/news/10-best-home-staging-companies-for-small-homes-and-condos,/blog/10-best-home-staging-companies-for-small-homes-and-condos,0,301
/blogs/news/top-10-famous-real-estate-agents-making-global-headlines,/blog/top-10-famous-real-estate-agents-making-global-headlines,0,301
/blogs/news/10-best-tips-for-staging-a-kitchen-to-sell-your-home-faster,/blog/10-best-tips-for-staging-a-kitchen-to-sell-your-home-faster,0,301
/blogs/news/step-by-step-checklist-for-staging-restaurants,/blog/step-by-step-checklist-for-staging-restaurants,0,301
/blogs/news/10-best-tips-on-how-do-you-stage-a-home-for-sale-quickly,/blog/10-best-tips-on-how-do-you-stage-a-home-for-sale-quickly,0,301
/blogs/news/how-much-does-home-staging-cost,/blog/how-much-does-home-staging-cost,0,301
/blogs/news/how-staging-furniture-transforms-empty-rooms-into-buyer-ready-spaces,/blog/how-staging-furniture-transforms-empty-rooms-into-buyer-ready-spaces,0,301
/blogs/news/top-10-home-staging-new-york-companies,/blog/top-10-home-staging-new-york-companies,0,301
/blogs/news/10-furniture-staging-companies,/blog/10-furniture-staging-companies,0,301
/blogs/news/10-recommended-virtual-showroom-tools-to-boost-online-sales,/blog/10-recommended-virtual-showroom-tools-to-boost-online-sales,0,301
/blogs/news/is-home-staging-worth-it,/blog/is-home-staging-worth-it,0,301
/blogs/news/10-home-staging-tips-living-room,/blog/10-home-staging-tips-living-room,0,301
/blogs/news/top-10-home-staging-austin-companies,/blog/top-10-home-staging-austin-companies,0,301
/blogs/news/bedroom-staging-before-and-after-that-maximize-roi,/blog/bedroom-staging-before-and-after-that-maximize-roi,0,301
/blogs/news/step-by-step-guide-to-using-a-virtual-stager,/blog/step-by-step-guide-to-using-a-virtual-stager,0,301
/blogs/news/before-and-after-10-real-life-home-staging-tips-that-worked,/blog/before-and-after-10-real-life-home-staging-tips-that-worked,0,301
/blogs/news/10-best-free-virtual-staging-tools,/blog/10-best-free-virtual-staging-tools,0,301
/blogs/news/top-10-virtual-staging-apps-compared,/blog/top-10-virtual-staging-apps-compared,0,301
/blogs/news/top-10-virtual-staging-ai-tools,/blog/top-10-virtual-staging-ai-tools,0,301
/blogs/news/virtual-room-designer,/blog/virtual-room-designer,0,301
/blogs/news/top-10-3d-rendering-services-for-real-estate,/blog/top-10-3d-rendering-services-for-real-estate,0,301
/blogs/news/home-stager-secrets-every-realtor-should-know,/blog/home-stager-secrets-every-realtor-should-know,0,301
/blogs/news/top-10-virtual-interior-design-services,/blog/top-10-virtual-interior-design-services,0,301
/blogs/news/staging-furniture-for-sale-how-to-choose-the-right,/blog/staging-furniture-for-sale-how-to-choose-the-right,0,301
/blogs/news/furniture-rental-for-staging-affordable-solutions,/blog/furniture-rental-for-staging-affordable-solutions,0,301
/blogs/news/top-10-home-staging-ideas-pictures,/blog/top-10-home-staging-ideas-pictures,0,301
/blogs/news/virtual-real-estate-agent,/blog/virtual-real-estate-agent,0,301
/blogs/news/tips-to-create-an-engaging-virtual-apartment-tour,/blog/tips-to-create-an-engaging-virtual-apartment-tour,0,301
/blogs/news/top-10-ideas-for-staging-a-bathroom,/blog/top-10-ideas-for-staging-a-bathroom,0,301
/blogs/news/top-10-high-impact-staging-ideas,/blog/top-10-high-impact-staging-ideas,0,301
/blogs/news/top-10-interior-design-apps-to-redefine-your-home,/blog/top-10-interior-design-apps-to-redefine-your-home,0,301
/blogs/news/10-real-estate-virtual-tour-software-tools,/blog/10-real-estate-virtual-tour-software-tools,0,301
/blogs/news/10-best-tips-for-house-staging-to-sell-faster,/blog/10-best-tips-for-house-staging-to-sell-faster,0,301
/blogs/news/10-best-virtual-staging-companies-for-faster-home-sales,/blog/10-best-virtual-staging-companies-for-faster-home-sales,0,301
/blogs/news/how-to-use-effective-home-staging-to-boost-market-value,/blog/how-to-use-effective-home-staging-to-boost-market-value,0,301
/blogs/news/top-10-real-estate-staging-tips-for-competitive-markets,/blog/top-10-real-estate-staging-tips-for-competitive-markets,0,301
/blogs/news/10-reasons-to-switch-to-a-virtual-real-estate-brokerage,/blog/10-reasons-to-switch-to-a-virtual-real-estate-brokerage,0,301
/blogs/news/why-staging-work-is-the-key-to-higher-property-value,/blog/why-staging-work-is-the-key-to-higher-property-value,0,301
/blogs/news/the-top-ten-comfy-couches-rated-worldwide,/blog/the-top-ten-comfy-couches-rated-worldwide,0,301
/blogs/news/top-10-apartment-staging-tips-that-close-deals-quickly,/blog/top-10-apartment-staging-tips-that-close-deals-quickly,0,301
/blogs/news/10-home-staging-before-and-after-shots-that-impress-buyers,/blog/10-home-staging-before-and-after-shots-that-impress-buyers,0,301
/blogs/news/professional-tips-for-staging-a-bedroom,/blog/professional-tips-for-staging-a-bedroom,0,301
/blogs/news/what-is-partial-home-staging,/blog/what-is-partial-home-staging,0,301
/blogs/news/transforming-vacant-spaces-with-virtual-staging-a-portland-home-tour,/blog/transforming-vacant-spaces-with-virtual-staging-a-portland-home-tour,0,301
/blogs/news/virtual-staging-a-vacant-condo-in-snohomish-helping-buyers-visualize-the-space,/blog/virtual-staging-a-vacant-condo-in-snohomish-helping-buyers-visualize-the-space,0,301
/blogs/news/selling-a-home-in-springfield-mo-marketing-staging-tips,/blog/selling-a-home-in-springfield-mo-marketing-staging-tips,0,301
/blogs/news/home-staging-redfin-guide,/blog/home-staging-redfin-guide,0,301
/blogs/news/real-estate-marketing-trends-2026,/blog/real-estate-marketing-trends-2026,0,301
/blogs/news/home-staging-trends-2026,/blog/home-staging-trends-2026,0,301
/blogs/news/interior-design-trends-2026,/blog/interior-design-trends-2026,0,301
/blogs/news/2026-color-trends-home-staging-for-realtors,/blog/2026-color-trends-home-staging-for-realtors,0,301
/blogs/news/blog-2026-furniture-trends-staging,/blog/blog-2026-furniture-trends-staging,0,301
/blogs/news/top-10-benefits-of-virtual-staging-for-real-estate-sales,/blog/top-10-benefits-of-virtual-staging-for-real-estate-sales,0,301
/blogs/news/what-is-3d-rendering,/blog/what-is-3d-rendering,0,301
/blogs/news/virtual-staging-vs-real-staging-which-is-better,/blog/virtual-staging-vs-real-staging-which-is-better,0,301
/blogs/news/is-virtual-staging-worth-it,/blog/is-virtual-staging-worth-it,0,301
/blogs/news/how-much-does-virtual-staging-cost,/blog/how-much-does-virtual-staging-cost,0,301
/blogs/news/what-is-an-architectural-rendering,/blog/what-is-an-architectural-rendering,0,301
/blogs/news/1018-magnolia-st-unit-i-a-seven-photo-staging-story-in-south-pasadena,/blog/1018-magnolia-st-unit-i-a-seven-photo-staging-story-in-south-pasadena,0,301
/blogs/news/virtual-staging-cost-in-2026-what-you-ll-really-pay,/blog/virtual-staging-cost-in-2026-what-you-ll-really-pay,0,301
/blogs/news/picture-perfect-for-virtual-staging-how-to-prepare-listing-photos-that-sell,/blog/picture-perfect-for-virtual-staging-how-to-prepare-listing-photos-that-sell,0,301
/blogs/news/virtual-staging-vs-traditional-staging-which-one-sells-homes-better,/blog/virtual-staging-vs-traditional-staging-which-one-sells-homes-better,0,301
/blogs/news/virtual-staging-for-occupied-homes-how-to-remove-existing-furniture-without-moving-a-thing,/blog/virtual-staging-for-occupied-homes-how-to-remove-existing-furniture-without-moving-a-thing,0,301
/blogs/news/empty-to-irresistible-what-makes-virtual-staging-before-and-after-so-powerful,/blog/empty-to-irresistible-what-makes-virtual-staging-before-and-after-so-powerful,0,301
/blogs/news/from-listing-to-lead-a-real-estate-agent-s-guide-to-virtual-staging,/blog/from-listing-to-lead-a-real-estate-agent-s-guide-to-virtual-staging,0,301
/pages/case-study/crawford-2107-palmetto-street,/case-study/crawford-2107-palmetto-street,0,301
/pages/case-study/michelle-song-304-567-clarke-road-coquitlam,/case-study/michelle-song-304-567-clarke-road-coquitlam,0,301
/products/virtual-furniture-removal-and-replacement-service,/virtual-staging,0,301
/products/virtual-renovation-service,/virtual-staging,0,301
/products/3d-virtual-tour-home-staging,/3d-tour,0,301
/products/3d-rendering-service-for-architectural-visualization,/3d-rendering,0,301
/products/floor-plans,/floor-plans,0,301
/products/3d-floor-plan,/floor-plans,0,301
/products/commercial-rendering,/3d-rendering,0,301
/products/hdr-photo-editing,/photo-editing,0,301
/products/real-estate-photo-editing,/photo-editing,0,301
/products/3d-modelling,/3d-rendering,0,301
/products/design-my-room,/services,0,301
/products/2d-3d-floor-plan-service,/floor-plans,0,301
/products/virtual-staging,/virtual-staging,0,301
/zh/(.*),/$1,1,301
